1,442,Cedar Avenue 202,santiago
2,1049,Laurel Drive 4110,la ligua
3,1018,Williams Street 1075,coquimbo
4,665,Pleasant Street 3645,santiago
5,883,Pleasant Street 2965,punta arenas
6,519,Garfield Avenue 656,santiago
7,593,John Street 835,arica
8,664,Orchard Avenue 2765,providencia
9,197,Clay Street 422,arica
10,476,Williams Street 3445,la ligua
11,251,Madison Avenue 139,la serena
12,516,Route 30 4375,arica
13,699,River Street 3781,la serena
14,286,Laurel Drive 2916,san joaquin
15,860,Broad Street 2653,providencia
16,963,Rose Street 366,arica
17,493,Avda. Pajaritos 5090,buin
18,226,Atlantic Avenue 2281,providencia
19,443,Carlos Dittborn 300,coquimbo
20,1095,Front Street North 4989,buin
21,414,Orchard Avenue 1593,san joaquin
22,1063,Laurel Lane 782,la ligua
23,820,Windsor Drive 954,santiago
24,133,Heather Lane 2100,providencia
25,387,Court Street 2044,la ligua
26,290,Atlantic Avenue 3142,arica
27,458,Front Street North 3947,arica
28,93,Route 30 245,santiago
29,623,Charles Street 2242,providencia
30,1028,Briarwood Drive 1977,la ligua
31,829,Devon Court 2686,buin
32,16,Hanover Court 4980,la ligua
33,647,Franklin Court 1713,valparaiso
34,604,Broad Street 2166,valparaiso
35,10,King Street 2722,la serena
36,33,Briarwood Drive 3071,arica
37,687,Cottage Street 2304,buin
38,408,Fairway Drive 4281,valparaiso
39,548,Ann Street 2364,arica
40,983,King Street 2216,punta arenas
41,199,Av. Tobalaba 117,santiago
42,755,Monroe Street 3881,coquimbo
43,926,Fairway Drive 4763,arica
44,691,Summit Avenue 4735,la ligua
45,849,Willow Avenue 653,coquimbo
46,365,Main Street 4571,coquimbo
47,263,Warren Avenue 295,santiago
48,890,Madison Avenue 3129,san joaquin
49,430,Ann Street 1084,providencia
50,794,John Street 2390,valparaiso
51,1059,Pleasant Street 1866,buin
52,449,Willow Avenue 1545,la ligua
53,884,Linden Avenue 4782,coquimbo
54,109,Route 1 3200,coquimbo
55,615,John Street 2805,arica
56,921,Broad Street 4962,santiago
57,472,King Street 2313,buin
58,852,Maiden Lane 1610,punta arenas
59,308,Atlantic Avenue 4105,buin
60,182,Willow Avenue 4808,arica
61,935,Route 1 4194,providencia
62,88,Main Street 3682,santiago
63,319,Highland Drive 3472,san joaquin
64,574,Ann Street 1662,punta arenas
65,46,Av. San Pablo 6190,la serena
66,819,Woodland Drive 4124,valparaiso
67,811,Jefferson Avenue 3085,la ligua
68,738,Laurel Drive 738,punta arenas
69,788,Franklin Court 683,buin
70,370,Country Club Road 4157,buin
71,684,Broad Street 3091,arica
72,589,Atlantic Avenue 2542,providencia
73,689,Willow Avenue 227,la ligua
74,909,Arlington Avenue 1723,san joaquin
75,259,Pleasant Street 3100,punta arenas
76,981,Willow Avenue 3098,coquimbo
77,790,Cedar Avenue 3465,providencia
78,927,Highland Drive 267,santiago
79,842,Maiden Lane 3659,punta arenas
80,43,Cottage Street 2598,providencia
81,717,Grand Avenue 2550,arica
82,82,Summit Avenue 3284,valparaiso
83,1035,Franklin Avenue 1555,arica
84,569,Hanover Court 2373,la serena
85,302,Laurel Lane 4391,san joaquin
86,127,Cottage Street 3351,la ligua
87,667,Jefferson Avenue 96,arica
88,291,Laurel Drive 149,coquimbo
89,411,Andover Court 2409,la serena
90,685,Cottage Street 972,arica
91,47,Madison Avenue 4519,punta arenas
92,525,Grand Avenue 3033,coquimbo
93,1012,Heather Lane 4899,coquimbo
94,1037,Route 1 4389,santiago
95,704,Laurel Lane 3441,punta arenas
96,35,Williams Street 3205,punta arenas
97,813,Ann Street 3281,providencia
98,413,Devon Court 3671,la serena
99,73,White Street 3347,coquimbo
100,1043,Pleasant Street 3890,punta arenas
101,194,Main Street 1289,la serena
102,310,Av. Nueva Providencia 2249,punta arenas
103,942,Warren Avenue 4381,punta arenas
104,1060,Av. Tobalaba 117,punta arenas
105,897,Clay Street 3287,arica
106,129,Clay Street 2540,buin
107,924,Hanover Court 3982,arica
108,751,Front Street North 1244,providencia
109,241,Monroe Street 2206,la ligua
110,229,Ann Street 4403,santiago
111,916,Clay Street 3512,la serena
112,838,Route 30 1493,coquimbo
113,313,River Street 4457,la serena
114,6,White Street 2449,arica
115,344,Briarwood Drive 3263,la serena
116,953,Laurel Lane 3600,la ligua
117,121,Highland Drive 3387,buin
118,879,Essex Court 922,punta arenas
119,213,Court Street 2153,la serena
120,228,Devon Court 3201,la ligua
121,986,Windsor Drive 369,la serena
122,988,Maiden Lane 4101,buin
123,358,Front Street North 137,la serena
124,230,River Street 1089,la serena
125,752,Arlington Avenue 4835,providencia
126,920,Essex Court 103,providencia
127,483,Laurel Lane 3130,la ligua
128,299,Cottage Street 2289,punta arenas
129,107,John Street 2613,buin
130,1094,Grand Avenue 3479,san joaquin
131,898,Essex Court 2688,la serena
132,491,Grand Avenue 4437,la serena
133,874,Forest Street 2303,arica
134,840,John Street 2141,coquimbo
135,195,Av. Departamental 1901,providencia
136,549,Orchard Avenue 2312,arica
137,530,Av. Carlos Valdovinos 3346,santiago
138,1050,Main Street 2473,valparaiso
139,783,Summit Avenue 136,punta arenas
140,913,Clay Street 1685,la serena
141,812,Grand Avenue 50,coquimbo
142,8,Cedar Lane 2100,providencia
143,94,River Street 604,la serena
144,304,Monroe Street 4619,santiago
145,410,Atlantic Avenue 1956,la ligua
146,135,Charles Street 3434,san joaquin
147,835,Fairway Drive 3619,la ligua
148,1009,Compañía de Jesús N°1625,santiago
149,828,Briarwood Drive 1882,arica
150,89,Highland Drive 4146,providencia
151,148,Laurel Drive 3088,arica
152,831,Woodland Drive 116,san joaquin
153,173,Franklin Court 3949,valparaiso
154,1080,Laurel Drive 1156,valparaiso
155,393,Cedar Avenue 3394,punta arenas
156,52,Warren Avenue 654,arica
157,821,Olive Street 2740,la serena
158,415,Cedar Avenue 85,la serena
159,670,Forest Street 657,la serena
160,416,River Street 3285,providencia
161,85,Route 30 4066,santiago
162,20,Martín de Solier 4598,la ligua
163,546,Warren Avenue 4549,la serena
164,1097,Av. Vicuña Mackenna 2601,arica
165,134,Andover Court 4045,santiago
166,923,Main Street 4574,valparaiso
167,566,Eliodoro Yañez 2987,punta arenas
168,359,Atlantic Avenue 4489,providencia
169,605,Arlington Avenue 2379,arica
170,542,Garfield Avenue 2452,coquimbo
171,489,Front Street North 392,buin
172,518,Olive Street 4288,valparaiso
173,261,Av. Ricardo Cumming 502,la serena
174,183,Cedar Lane 561,coquimbo
175,314,Cottage Street 2707,santiago
176,954,Route 30 2584,san joaquin
177,769,Hanover Court 3048,valparaiso
178,293,Franklin Avenue 1160,la serena
179,899,Fairway Drive 1668,san joaquin
180,339,White Street 2184,buin
181,786,Hanover Court 4193,la ligua
182,877,Summit Avenue 2305,valparaiso
183,162,River Street 1264,san joaquin
184,826,Garfield Avenue 2780,la ligua
185,656,Orchard Avenue 3302,coquimbo
186,249,Essex Court 2441,providencia
187,1007,Avda. Laguna Sur 7297,valparaiso
188,169,Heather Lane 4463,providencia
189,791,Willow Avenue 2184,coquimbo
190,475,Arlington Avenue 2908,la serena
191,736,Arlington Avenue 325,la ligua
192,388,Francisco Bilbao 3785,la serena
193,482,Essex Court 773,santiago
194,124,Maiden Lane 1986,coquimbo
195,14,King Street 2468,coquimbo
196,764,Olive Street 4663,punta arenas
197,1029,Country Club Road 4802,la ligua
198,512,Atlantic Avenue 4686,santiago
199,65,Monroe Street 2011,buin
200,375,Andover Court 3651,coquimbo
201,147,Ann Street 3244,buin
202,775,Ann Street 1441,san joaquin
203,973,Woodland Drive 2006,san joaquin
204,872,Summit Avenue 3409,buin
205,865,Arlington Avenue 648,punta arenas
206,168,Main Street 115,arica
207,602,Monroe Street 3763,la serena
208,383,Franklin Avenue 4036,providencia
209,106,Essex Court 1867,santiago
210,553,Arlington Avenue 831,la serena
211,235,Highland Drive 4991,san joaquin
212,528,Laurel Lane 4602,santiago
213,1023,Willow Avenue 2919,buin
214,298,Grand Avenue 2112,arica
215,657,Court Street 1293,buin
216,563,Olive Street 652,buin
217,721,Front Street North 4784,arica
218,136,Monroe Street 3788,arica
219,132,Laurel Lane 4090,arica
220,740,Main Street 2068,punta arenas
221,768,Heather Lane 4365,valparaiso
222,749,Franklin Court 3590,coquimbo
223,710,Orchard Avenue 4853,la serena
224,477,Maiden Lane 152,la ligua
225,785,Cottage Street 80,punta arenas
226,390,Atlantic Avenue 2932,buin
227,709,Route 1 2027,buin
228,795,Woodland Drive 59,buin
229,407,Linden Avenue 4803,coquimbo
230,1019,Franklin Court 1506,providencia
231,697,Franklin Avenue 4126,buin
232,731,Windsor Drive 2400,providencia
233,1091,Atlantic Avenue 673,arica
234,523,Country Club Road 2062,santiago
235,340,Olive Street 4525,providencia
236,974,Front Street North 2918,coquimbo
237,347,Willow Avenue 4570,punta arenas
238,1032,Windsor Drive 3637,providencia
239,480,Garfield Avenue 3840,coquimbo
240,188,Monroe Street 799,san joaquin
241,770,King Street 2163,la ligua
242,237,Summit Avenue 628,arica
243,878,River Street 1280,coquimbo
244,30,River Street 1195,punta arenas
245,646,Laurel Lane 2040,arica
246,165,Pleasant Street 336,san joaquin
247,391,Grand Avenue 1516,santiago
248,371,Clay Street 227,arica
249,945,Court Street 1878,providencia
250,873,Woodland Drive 4220,santiago
251,62,Grand Avenue 3236,punta arenas
252,457,Cottage Street 3812,arica
253,294,Country Club Road 4834,valparaiso
254,312,Willow Avenue 483,providencia
255,412,Charles Street 1899,la ligua
256,300,Woodland Drive 59,la serena
257,1051,Avda. Americo Vespucio 1775,punta arenas
258,853,Franklin Court 4846,punta arenas
259,334,River Street 2083,la serena
260,943,Warren Avenue 4844,punta arenas
261,360,Clay Street 2767,santiago
262,844,Orchard Avenue 3018,san joaquin
263,231,Jefferson Avenue 4092,la serena
264,345,Broad Street 1655,providencia
265,276,Clay Street 750,la serena
266,1078,Andover Court 649,punta arenas
267,254,Highland Drive 4013,coquimbo
268,1067,Front Street North 361,valparaiso
269,122,Andover Court 647,la ligua
270,892,Laurel Lane 2704,san joaquin
271,1065,Hanover Court 330,buin
272,594,Arlington Avenue 4972,arica
273,417,Av. Irarrazaval 351,buin
274,644,Route 1 1200,valparaiso
275,421,Grand Avenue 1516,coquimbo
276,57,Broad Street 3096,valparaiso
277,301,Orchard Avenue 3603,providencia
278,600,John Street 2589,coquimbo
279,81,Heather Lane 4358,providencia
280,151,King Street 3890,coquimbo
281,746,Woodland Drive 3484,la ligua
282,434,Orchard Avenue 4597,la serena
283,440,Av. General Rondizzoni 1650,punta arenas
284,217,Laurel Drive 3282,la serena
285,141,Madison Avenue 3001,san joaquin
286,997,Rose Street 1877,santiago
287,336,Route 1 4790,coquimbo
288,200,Gran Avenida José Miguel Carrera 8870,la serena
289,409,Ann Street 2519,san joaquin
290,400,Essex Court 2701,punta arenas
291,490,Maiden Lane 3658,providencia
292,499,Route 30 2227,buin
293,513,Av. Providencia 011,santiago
294,947,Maiden Lane 2048,arica
295,209,Essex Court 2503,san joaquin
296,708,Orchard Avenue 2077,buin
297,240,River Street 737,buin
298,896,Heather Lane 3873,la serena
299,436,Willow Avenue 2640,la serena
300,719,King Street 3130,san joaquin
301,172,Crescent Street 4607,santiago
302,583,King Street 1142,la serena
303,206,Devon Court 3528,santiago
304,68,John Street 2804,la serena
305,782,Arlington Avenue 876,la ligua
306,641,Devon Court 2571,santiago
307,814,Main Street 1892,san joaquin
308,144,Monroe Street 837,santiago
309,112,John Street 3064,buin
310,211,Route 1 2885,coquimbo
311,581,Cedar Lane 3237,providencia
312,7,Rose Street 801,arica
313,216,Court Street 3757,santiago
314,624,River Street 682,providencia
315,114,Charles Street 2276,providencia
316,140,Clay Street 2957,buin
317,67,Atlantic Avenue 3657,providencia
318,1038,Pleasant Street 807,valparaiso
319,316,Orchard Avenue 376,valparaiso
320,1031,Front Street North 1593,arica
321,116,Av. Libertador Bernardo O`Higgins 1774,la ligua
322,297,Hanover Court 967,providencia
323,885,Charles Street 158,santiago
324,744,Crescent Street 1818,santiago
325,44,River Street 3210,santiago
326,949,Garfield Avenue 2563,punta arenas
327,139,Rose Street 2454,la ligua
328,455,River Street 3296,arica
329,642,Garfield Avenue 1232,la serena
330,587,Devon Court 267,valparaiso
331,707,River Street 3581,la serena
332,784,Cedar Avenue 226,san joaquin
333,598,Highland Drive 4538,valparaiso
334,364,Court Street 2180,providencia
335,702,Garfield Avenue 4720,punta arenas
336,77,Hanover Court 4370,santiago
337,993,Heather Lane 4128,la ligua
338,547,Catedral 1512,santiago
339,965,Clay Street 4224,buin
340,550,Grand Avenue 2551,arica
341,1021,Willow Avenue 1302,santiago
342,616,Williams Street 661,la serena
343,49,Av. Santa Rosa 8914,arica
344,5,Laurel Lane 3292,valparaiso
345,891,Atlantic Avenue 2497,arica
346,215,Franklin Avenue 4601,san joaquin
347,103,Route 30 1592,buin
348,284,Warren Avenue 4563,la ligua
349,532,Laurel Lane 2512,la serena
350,925,King Street 652,punta arenas
351,681,Willow Avenue 421,santiago
352,653,Highland Drive 3424,santiago
353,599,Madison Avenue 768,punta arenas
354,341,King Street 3741,la ligua
355,515,Devon Court 537,valparaiso
356,540,Warren Avenue 2279,arica
357,45,Country Club Road 4213,santiago
358,247,Country Club Road 1963,arica
359,331,Route 1 2935,arica
360,651,Franklin Avenue 1230,santiago
361,596,Ann Street 4222,la serena
362,951,Fairway Drive 823,la serena
363,1056,Linden Avenue 928,punta arenas
364,696,Grand Avenue 4477,san joaquin
365,329,Main Street 1443,punta arenas
366,502,Jefferson Avenue 1493,la ligua
367,150,Olive Street 3043,valparaiso
368,805,Franklin Court 2990,la serena
369,269,Arlington Avenue 4121,coquimbo
370,527,Jefferson Avenue 3467,la ligua
371,466,Briarwood Drive 1647,valparaiso
372,871,Willow Avenue 4120,la ligua
373,797,Heather Lane 844,la ligua
374,507,Williams Street 4341,valparaiso
375,825,Arlington Avenue 3914,arica
376,882,Charles Street 3109,coquimbo
377,272,Summit Avenue 226,valparaiso
378,55,Cedar Avenue 2199,providencia
379,281,John Street 3146,la serena
380,143,Arlington Avenue 268,providencia
381,1096,Warren Avenue 213,buin
382,196,White Street 2213,la ligua
383,234,Crescent Street 4239,san joaquin
384,869,Broad Street 4726,punta arenas
385,258,Highland Drive 278,coquimbo
386,71,Rose Street 4552,providencia
387,273,Maiden Lane 4538,arica
388,1,Devon Court 3282,valparaiso
389,267,Clay Street 3322,coquimbo
390,655,Cedar Avenue 1075,santiago
391,991,Ignacio Carrera Pinto altura 661,punta arenas
392,763,Linden Avenue 136,la serena
393,190,Woodland Drive 3915,buin
394,406,Jefferson Avenue 3432,valparaiso
395,557,Madison Avenue 230,la serena
396,619,Maiden Lane 3734,la ligua
397,376,Laurel Lane 3861,providencia
398,398,General Mackenna 1100,san joaquin
399,715,Linden Avenue 2525,coquimbo
400,1057,Pleasant Street 141,la ligua
401,622,Av. San Pablo 6190,santiago
402,757,Route 30 1523,buin
403,146,Mosqueto 515,providencia
404,1000,Atlantic Avenue 2974,punta arenas
405,750,Orchard Avenue 2674,coquimbo
406,609,Rose Street 669,valparaiso
407,802,Ann Street 600,arica
408,494,Jefferson Avenue 495,santiago
409,451,Andover Court 3074,coquimbo
410,734,Clay Street 895,buin
411,95,Arlington Avenue 1366,valparaiso
412,686,Hanover Court 2200,arica
413,830,Maiden Lane 4448,la serena
414,12,Crescent Street 1425,providencia
415,859,Route 30 3987,santiago
416,352,Devon Court 2680,coquimbo
417,937,Heather Lane 864,san joaquin
418,322,White Street 4278,coquimbo
419,1030,Front Street North 2761,providencia
420,96,Devon Court 3672,la ligua
421,343,Jefferson Avenue 3742,valparaiso
422,510,Broad Street 1832,providencia
423,931,Olive Street 2061,coquimbo
424,1017,Orchard Avenue 3645,punta arenas
425,990,Willow Avenue 1409,santiago
426,1041,Willow Avenue 4071,arica
427,450,River Street 497,valparaiso
428,537,Grand Avenue 309,la ligua
429,901,Fairway Drive 888,valparaiso
430,356,Devon Court 2297,providencia
431,970,Cedar Lane 3033,providencia
432,556,Williams Street 3024,buin
433,968,Front Street North 2203,santiago
434,1066,Ann Street 2086,arica
435,86,Jefferson Avenue 3041,la serena
436,728,Cottage Street 3751,la ligua
437,688,Williams Street 3223,la serena
438,233,Av. Grecia 2298,punta arenas
439,625,Franklin Court 4591,la ligua
440,1064,Country Club Road 2692,coquimbo
441,690,King Street 3020,santiago
442,361,Garfield Avenue 2017,la ligua
443,539,Cedar Avenue 532,punta arenas
444,834,Cedar Lane 1937,coquimbo
445,582,White Street 834,providencia
446,894,Fairway Drive 477,santiago
447,1085,Andover Court 4646,valparaiso
448,700,Clay Street 4751,la serena
449,157,Summit Avenue 3326,la ligua
450,160,Avda. Concha y Toro 3999,valparaiso
451,285,Crescent Street 822,providencia
452,535,Devon Court 486,arica
453,741,Clay Street 4552,arica
454,191,Linden Avenue 1271,arica
455,1077,Franklin Court 3640,la serena
456,75,Madison Avenue 977,coquimbo
457,911,Court Street 2690,arica
458,1086,Clay Street 2044,buin
459,404,Warren Avenue 307,santiago
460,774,Country Club Road 3172,punta arenas
461,318,Williams Street 2395,santiago
462,295,King Street 2448,providencia
463,145,River Street 4818,la serena
464,980,Andover Court 3234,santiago
465,904,Clay Street 835,punta arenas
466,366,Court Street 4965,arica
467,125,Cedar Lane 71,buin
468,658,Broad Street 787,la ligua
469,4,Hanover Court 3979,buin
470,395,John Street 4672,la ligua
471,522,Broad Street 987,santiago
472,389,Laurel Drive 660,providencia
473,159,Monroe Street 4067,la ligua
474,928,Main Street 992,santiago
475,579,Maiden Lane 704,valparaiso
476,1073,Francisco Bilbao 084,valparaiso
477,718,Windsor Drive 987,santiago
478,730,Andover Court 519,la serena
479,374,Laurel Drive 3156,providencia
480,713,Clay Street 3178,san joaquin
481,918,Grand Avenue 935,la serena
482,37,Cottage Street 2329,providencia
483,154,Fairway Drive 2033,santiago
484,590,Willow Avenue 2535,la serena
485,36,Woodland Drive 3560,san joaquin
486,850,Av. Providencia 1880,valparaiso
487,680,Warren Avenue 4339,santiago
488,638,Country Club Road 890,arica
489,76,Charles Street 1832,la serena
490,618,Maiden Lane 584,valparaiso
491,1006,Grand Avenue 3499,punta arenas
492,863,White Street 2134,punta arenas
493,524,Highland Drive 2965,valparaiso
494,321,Main Street 2560,valparaiso
495,198,Av. Gral. Bonilla 8220,buin
496,555,Av. Apoquindo 7095,santiago
497,695,Main Street 214,santiago
498,218,Front Street North 2994,buin
499,606,River Street 2143,buin
500,448,Rose Street 2406,la ligua
501,833,Grand Avenue 2684,arica
502,867,Crescent Street 1459,la serena
503,72,Grand Avenue 2209,coquimbo
504,934,Highland Drive 2749,providencia
505,745,Franklin Avenue 2768,santiago
506,153,Grand Avenue 1522,buin
507,1002,Essex Court 1146,providencia
508,967,Route 30 740,san joaquin
509,1087,Andover Court 4184,valparaiso
510,24,Route 30 3391,la serena
511,857,Av. Pajaritos 1921,valparaiso
512,521,Jefferson Avenue 540,arica
513,668,White Street 3589,buin
514,246,Laurel Lane 1405,la ligua
515,543,Crescent Street 4981,santiago
516,39,Heather Lane 2758,arica
517,181,Monroe Street 1385,santiago
518,399,Cottage Street 2531,buin
519,379,Charles Street 4929,la serena
520,382,Clay Street 2293,providencia
521,675,Franklin Avenue 2101,buin
522,380,Andover Court 1355,la serena
523,780,Route 1 3173,san joaquin
524,452,Forest Street 3040,arica
525,224,Crescent Street 3505,la serena
526,652,Essex Court 1003,santiago
527,767,Cottage Street 4941,san joaquin
528,578,Franklin Avenue 2321,punta arenas
529,84,Fairway Drive 4660,la ligua
530,955,Willow Avenue 4552,coquimbo
531,238,Av. Irarrázaval 2461,santiago
532,487,Hanover Court 545,punta arenas
533,208,Front Street North 632,arica
534,841,Laurel Drive 1290,buin
535,880,River Street 3553,providencia
536,161,Cottage Street 2258,santiago
537,1044,White Street 1153,punta arenas
538,914,Laurel Lane 3419,providencia
539,1089,Warren Avenue 3568,valparaiso
540,381,Warren Avenue 146,providencia
541,567,Crescent Street 3697,buin
542,816,Charles Street 1777,san joaquin
543,868,Front Street North 4654,punta arenas
544,648,Main Street 2736,providencia
545,184,Highland Drive 886,san joaquin
546,735,Orchard Avenue 87,providencia
547,995,Fairway Drive 1802,coquimbo
548,633,River Street 4089,la ligua
549,378,Franklin Court 1511,la serena
550,287,Grand Avenue 1962,valparaiso
551,985,Nataniel Cox 2370,providencia
552,70,Main Street 207,buin
553,239,Av. Neptuno Oriente frente al 260,valparaiso
554,592,Orchard Avenue 1902,punta arenas
555,174,John Street 2386,la serena
556,325,Summit Avenue 3228,coquimbo
557,351,Andover Court 3454,la ligua
558,177,Windsor Drive 1335,la ligua
559,1088,Route 1 3950,arica
560,97,Broad Street 295,la serena
561,672,Devon Court 627,arica
562,984,Monroe Street 4223,san joaquin
563,264,Laurel Lane 2035,punta arenas
564,256,Woodland Drive 2515,san joaquin
565,959,King Street 4077,punta arenas
566,958,Williams Street 4489,coquimbo
567,541,Av. Teniente Cruz 800,arica
568,394,Linden Avenue 2662,la serena
569,1039,Andover Court 3456,san joaquin
570,333,Las Bellotas 200,coquimbo
571,131,Charles Street 983,la ligua
572,683,Madison Avenue 1078,la ligua
573,373,Heather Lane 1991,coquimbo
574,117,Linden Avenue 2922,buin
575,645,Hanover Court 264,la ligua
576,368,White Street 2317,valparaiso
577,628,Rose Street 1162,san joaquin
578,401,River Street 746,san joaquin
579,960,Highland Drive 528,santiago
580,428,Heather Lane 3233,la serena
581,54,Garfield Avenue 4144,coquimbo
582,807,Crescent Street 2472,san joaquin
583,727,Pleasant Street 2789,buin
584,346,White Street 3799,santiago
585,560,Main Street 2504,buin
586,271,Briarwood Drive 3577,san joaquin
587,203,Devon Court 2205,valparaiso
588,773,Rose Street 3267,providencia
589,561,Av. Pedro de Valdivia 1664,valparaiso
590,848,Olive Street 4254,la ligua
591,756,John Street 4986,buin
592,956,Summit Avenue 787,san joaquin
593,765,Route 30 2876,la serena
594,544,Route 1 4882,la serena
595,110,Charles Street 1972,coquimbo
596,142,Clay Street 3319,valparaiso
597,79,Arlington Avenue 1291,buin
598,40,Broad Street 1159,coquimbo
599,508,Windsor Drive 3581,arica
600,888,Front Street North 1661,punta arenas
601,453,Front Street North 3343,punta arenas
602,250,Charles Street 3718,arica
603,278,John Street 1387,la serena
604,504,Pleasant Street 3468,santiago
605,571,Hanover Court 4550,santiago
606,978,Court Street 3186,punta arenas
607,772,Monroe Street 4209,providencia
608,576,Pleasant Street 4994,punta arenas
609,1052,Av. Einstein 601,arica
610,777,Franklin Avenue 1230,buin
611,357,Clay Street 2428,la serena
612,51,Ann Street 3299,punta arenas
613,847,Highland Drive 4678,buin
614,327,Olive Street 2800,punta arenas
615,1042,King Street 4035,santiago
616,433,Madison Avenue 4799,la serena
617,509,Main Street 1587,buin
618,98,Woodland Drive 1518,san joaquin
619,186,Grand Avenue 2643,san joaquin
620,1084,Maiden Lane 3379,valparaiso
621,384,Cedar Lane 347,la ligua
622,739,Atlantic Avenue 1529,coquimbo
623,1004,Crescent Street 3591,valparaiso
624,315,Laurel Lane 2762,providencia
625,1027,Rose Street 924,buin
626,957,Garfield Avenue 1770,valparaiso
627,486,Front Street North 2520,san joaquin
628,796,Briarwood Drive 3062,arica
629,119,Heather Lane 619,providencia
630,977,Charles Street 4122,providencia
631,771,River Street 902,arica
632,1069,Ann Street 3644,buin
633,185,Charles Street 2796,providencia
634,839,Pleasant Street 4545,la serena
635,201,Clay Street 1372,buin
636,83,Route 30 786,buin
637,545,King Street 3801,santiago
638,663,Front Street North 4949,providencia
639,289,Fairway Drive 3925,la ligua
640,962,Madison Avenue 4442,punta arenas
641,1047,Atlantic Avenue 4346,arica
642,445,Ann Street 2635,punta arenas
643,851,Forest Street 4314,arica
644,806,Highland Drive 4574,la serena
645,431,Arlington Avenue 109,san joaquin
646,372,Main Street 2485,arica
647,15,Fairway Drive 1345,san joaquin
648,966,Monroe Street 3116,valparaiso
649,1092,John Street 4343,san joaquin
650,1005,Fairway Drive 150,coquimbo
651,938,Andover Court 1949,la ligua
652,270,Monroe Street 1078,san joaquin
653,511,Grand Avenue 4640,arica
654,759,Forest Street 2493,santiago
655,712,Country Club Road 3557,arica
656,1025,Warren Avenue 2906,buin
657,460,Cedar Lane 315,santiago
658,138,King Street 1025,coquimbo
659,724,Briarwood Drive 2036,providencia
660,99,Maiden Lane 3721,buin
661,212,Windsor Drive 527,arica
662,324,Rose Street 3186,san joaquin
663,166,River Street 3120,la ligua
664,810,Crescent Street 2430,punta arenas
665,28,Heather Lane 1747,providencia
666,932,Orchard Avenue 382,la serena
667,586,Route 30 3527,punta arenas
668,824,Atlantic Avenue 2423,la serena
669,533,John Street 4729,la ligua
670,676,Maiden Lane 441,buin
671,1061,River Street 1261,buin
672,317,Orchard Avenue 3076,punta arenas
673,906,Clay Street 2633,punta arenas
674,650,Pleasant Street 665,providencia
675,423,Forest Street 2220,la ligua
676,930,Hanover Court 630,punta arenas
677,56,Olive Street 3781,la serena
678,534,Charles Street 4082,la serena
679,526,Highland Drive 4325,valparaiso
680,631,Franklin Avenue 2144,valparaiso
681,907,Madison Avenue 467,buin
682,149,Grand Avenue 4767,coquimbo
683,808,Maiden Lane 4676,coquimbo
684,703,Rose Street 4188,la serena
685,118,Court Street 3348,buin
686,659,Grand Avenue 1541,san joaquin
687,435,Cedar Lane 4637,buin
688,485,Williams Street 2863,valparaiso
689,822,Monroe Street 4744,arica
690,1053,Route 1 474,buin
691,621,Woodland Drive 3706,la serena
692,353,Jefferson Avenue 3341,la serena
693,799,Charles Street 3906,valparaiso
694,964,Warren Avenue 4290,buin
695,108,Warren Avenue 2893,punta arenas
696,252,Warren Avenue 1987,buin
697,348,Devon Court 4768,la ligua
698,870,Laurel Drive 4275,punta arenas
699,827,King Street 3002,buin
700,53,Front Street North 2093,valparaiso
701,275,Crescent Street 108,la serena
702,803,Cottage Street 3755,santiago
703,386,Windsor Drive 2846,buin
704,429,Orchard Avenue 2495,la serena
705,1068,Briarwood Drive 1206,punta arenas
706,465,Devon Court 1840,valparaiso
707,762,Pleasant Street 2522,arica
708,328,Atlantic Avenue 2134,valparaiso
709,992,Franklin Avenue 306,providencia
710,204,Franklin Avenue 2649,punta arenas
711,1036,Country Club Road 1435,la ligua
712,862,Essex Court 2542,santiago
713,220,Av. Recoleta 1502,la serena
714,471,Maiden Lane 3377,la ligua
715,130,Av. Santa Rosa 2374,providencia
716,48,Pleasant Street 3809,buin
717,817,Summit Avenue 2923,la ligua
718,262,Laurel Lane 185,valparaiso
719,950,Franklin Court 4082,la ligua
720,23,Broad Street 2167,buin
721,517,Olive Street 2656,santiago
722,163,Monroe Street 722,buin
723,354,Essex Court 4795,santiago
724,214,Arlington Avenue 2472,punta arenas
725,876,Main Street 1737,arica
726,698,Willow Avenue 2889,coquimbo
727,903,Summit Avenue 1816,la serena
728,277,Clay Street 871,la ligua
729,441,River Street 2787,valparaiso
730,902,Linden Avenue 3931,santiago
731,419,Essex Court 417,arica
732,337,Pleasant Street 3593,la serena
733,711,Main Street 3605,coquimbo
734,678,River Street 4789,valparaiso
735,778,21 de Mayo 543,san joaquin
736,908,Rose Street 3150,arica
737,330,Highland Drive 4637,providencia
738,115,Toesca 1635,la ligua
739,26,Windsor Drive 4262,punta arenas
740,845,Court Street 2099,valparaiso
741,585,Laurel Drive 3276,valparaiso
742,781,Williams Street 317,la serena
743,779,Court Street 3427,san joaquin
744,572,Maiden Lane 2307,valparaiso
745,693,Jefferson Avenue 4153,san joaquin
746,674,Monroe Street 4545,buin
747,496,Madison Avenue 4835,coquimbo
748,568,Heather Lane 1013,valparaiso
749,858,Heather Lane 3389,valparaiso
750,603,John Street 1113,providencia
751,846,Briarwood Drive 4516,la ligua
752,355,Madison Avenue 70,punta arenas
753,473,Charles Street 2971,buin
754,558,Hanover Court 978,buin
755,18,King Street 1466,santiago
756,32,Orchard Avenue 1304,coquimbo
757,798,Court Street 782,la serena
758,462,Andover Court 2810,providencia
759,662,King Street 482,arica
760,972,Highland Drive 1326,santiago
761,660,Ann Street 389,la ligua
762,288,Charles Street 2985,coquimbo
763,484,Windsor Drive 2832,punta arenas
764,1090,Fairway Drive 621,la ligua
765,564,Charles Street 4347,la serena
766,155,Broad Street 1315,punta arenas
767,742,Summit Avenue 1949,la ligua
768,422,Fairway Drive 3306,arica
769,305,Fairway Drive 4222,santiago
770,998,Main Street 2199,la ligua
771,495,Route 1 443,providencia
772,192,Court Street 632,la ligua
773,737,Atlantic Avenue 4736,providencia
774,669,Country Club Road 4784,coquimbo
775,31,White Street 744,la serena
776,1003,Route 1 494,coquimbo
777,743,John Street 2411,la serena
778,979,Fairway Drive 4602,punta arenas
779,729,Franklin Avenue 3200,la serena
780,694,Atlantic Avenue 2163,coquimbo
781,1048,Linden Avenue 264,buin
782,432,Ann Street 829,buin
783,971,Franklin Avenue 4485,valparaiso
784,280,Ann Street 3226,providencia
785,559,John Street 1867,punta arenas
786,363,Forest Street 2768,arica
787,611,Atlantic Avenue 3689,santiago
788,0,Arlington Avenue 4373,buin
789,19,Broad Street 4276,punta arenas
790,969,Grand Avenue 4148,arica
791,577,Franklin Court 3064,coquimbo
792,27,White Street 1207,san joaquin
793,64,Windsor Drive 415,punta arenas
794,792,Broad Street 3821,buin
795,881,Grand Avenue 588,valparaiso
796,800,Clay Street 837,buin
797,961,Laurel Drive 1549,valparaiso
798,701,Maiden Lane 1583,providencia
799,804,Route 1 3522,providencia
800,506,Franklin Avenue 4858,la ligua
801,223,Country Club Road 841,san joaquin
802,639,Willow Avenue 1246,punta arenas
803,939,Willow Avenue 4910,san joaquin
804,946,Rose Street 4095,santiago
805,836,Andover Court 4388,la serena
806,307,Charles Street 1602,la ligua
807,649,Franklin Court 1370,la ligua
808,705,John Street 1789,buin
809,952,White Street 2547,santiago
810,661,Highland Drive 1885,la ligua
811,488,Forest Street 384,valparaiso
812,640,King Street 3451,coquimbo
813,818,Atlantic Avenue 1980,punta arenas
814,260,Cedar Lane 3546,buin
815,754,White Street 2344,coquimbo
816,1074,Warren Avenue 4898,buin
817,732,Hanover Court 1001,valparaiso
818,164,Grand Avenue 934,coquimbo
819,60,Hanover Court 2620,valparaiso
820,397,Atlantic Avenue 3806,la ligua
821,179,White Street 4315,punta arenas
822,610,Charles Street 2233,santiago
823,500,Cedar Lane 3035,san joaquin
824,861,Route 30 4341,arica
825,392,Essex Court 3391,la ligua
826,105,Briarwood Drive 3382,punta arenas
827,320,Linden Avenue 4404,coquimbo
828,554,Av. Recoleta 3202,coquimbo
829,207,Clay Street 818,san joaquin
830,34,Broad Street 1869,providencia
831,418,Franklin Avenue 1401,arica
832,501,Gran Avenida José Miguel Carrera 8870,arica
833,113,Franklin Court 3459,coquimbo
834,350,Rose Street 4896,santiago
835,761,White Street 343,la serena
836,864,Orchard Avenue 886,la serena
837,303,Broad Street 3333,la serena
838,565,Andover Court 3766,santiago
839,1075,Monroe Street 1071,valparaiso
840,461,Court Street 3062,arica
841,758,Orchard Avenue 1202,la serena
842,837,Front Street North 185,san joaquin
843,342,Cedar Avenue 4441,coquimbo
844,474,Briarwood Drive 780,providencia
845,219,John Street 2441,santiago
846,61,Pleasant Street 2089,providencia
847,637,Franklin Court 514,la ligua
848,1046,Linden Avenue 2370,santiago
849,854,Clay Street 4486,santiago
850,255,Clay Street 4052,arica
851,426,Broad Street 3797,san joaquin
852,311,Maiden Lane 1589,coquimbo
853,1020,Andover Court 4130,providencia
854,933,Willow Avenue 3865,punta arenas
855,536,Country Club Road 1654,santiago
856,671,Court Street 1927,arica
857,999,Route 1 2187,valparaiso
858,766,Forest Street 4452,valparaiso
859,580,Andover Court 2023,santiago
860,591,Ann Street 589,punta arenas
861,171,Woodland Drive 1057,la ligua
862,673,River Street 2804,providencia
863,1022,Charles Street 4581,la ligua
864,175,Essex Court 4227,valparaiso
865,242,Olive Street 836,buin
866,265,Arlington Avenue 668,providencia
867,349,Heather Lane 2710,valparaiso
868,268,Av. Apoquindo 8613,providencia
869,505,Heather Lane 1081,arica
870,292,Olive Street 4150,san joaquin
871,100,Garfield Avenue 2603,arica
872,481,Atlantic Avenue 3909,valparaiso
873,570,Franklin Avenue 3996,san joaquin
874,887,John Street 3104,santiago
875,2,Grand Avenue 4592,san joaquin
876,706,Woodland Drive 775,buin
877,562,Cedar Lane 3545,coquimbo
878,613,Linden Avenue 1294,san joaquin
879,167,Crescent Street 1316,buin
880,21,Front Street North 1357,la serena
881,446,Charles Street 1043,la serena
882,221,Linden Avenue 2619,la ligua
883,720,Ann Street 640,punta arenas
884,635,Jefferson Avenue 1271,coquimbo
885,202,White Street 1015,san joaquin
886,13,Heather Lane 2561,arica
887,520,Clay Street 134,santiago
888,104,Broad Street 2529,punta arenas
889,910,Woodland Drive 806,arica
890,464,Williams Street 2650,punta arenas
891,253,Main Street 2640,santiago
892,905,Franklin Court 158,arica
893,801,John Street 3479,la ligua
894,722,Linden Avenue 2700,arica
895,178,Williams Street 968,arica
896,58,Crescent Street 3474,la serena
897,666,Orchard Avenue 447,arica
898,1010,Broad Street 3922,la serena
899,170,Main Street 3792,santiago
900,789,Linden Avenue 3998,arica
901,608,Hanover Court 4686,santiago
902,498,Main Street 3075,la ligua
903,38,Maiden Lane 4811,santiago
904,152,Devon Court 1310,santiago
905,102,Williams Street 3510,santiago
906,17,Olive Street 75,san joaquin
907,809,Laurel Drive 4610,valparaiso
908,682,Ann Street 4310,valparaiso
909,120,Andover Court 1178,arica
910,11,Laurel Drive 1854,la ligua
911,248,Highland Drive 3514,san joaquin
912,915,Linden Avenue 98,coquimbo
913,101,Forest Street 2952,punta arenas
914,584,Grand Avenue 2077,la serena
915,29,Ann Street 3843,santiago
916,326,Madison Avenue 3309,arica
917,529,Willow Avenue 4483,arica
918,3,Essex Court 2913,santiago
919,227,Cedar Avenue 1037,san joaquin
920,25,Front Street North 3783,santiago
921,1014,Essex Court 3964,providencia
922,607,Essex Court 332,la ligua
923,1013,Clay Street 4445,arica
924,91,Route 30 67,santiago
925,396,Andover Court 2773,coquimbo
926,283,Front Street North 869,punta arenas
927,74,Windsor Drive 212,punta arenas
928,158,Atlantic Avenue 1604,valparaiso
929,726,Woodland Drive 3138,providencia
930,92,Woodland Drive 2853,santiago
931,266,Forest Street 230,coquimbo
932,439,Av. General Bonilla 5900,providencia
933,747,Av. Américo Vespucio Frente al 7340,providencia
934,1011,Front Street North 3262,santiago
935,210,Placer 1310,buin
936,454,Franklin Avenue 980,coquimbo
937,1062,Fairway Drive 3306,valparaiso
938,643,Route 30 1184,valparaiso
939,994,Williams Street 3944,arica
940,793,Madison Avenue 2422,buin
941,447,Country Club Road 536,san joaquin
942,1081,Highland Drive 1213,valparaiso
943,875,Broad Street 4734,la serena
944,469,Linden Avenue 2658,valparaiso
945,424,White Street 860,buin
946,912,Fairway Drive 3846,santiago
947,63,Clay Street 3396,arica
948,595,Highland Drive 1008,san joaquin
949,425,Highland Drive 2701,arica
950,128,Windsor Drive 670,coquimbo
951,236,Route 30 2378,santiago
952,575,Court Street 3925,la ligua
953,948,Summit Avenue 3054,la serena
954,630,Crescent Street 2796,buin
955,41,Maiden Lane 1464,santiago
956,855,Willow Avenue 794,providencia
957,629,King Street 4861,buin
958,982,Essex Court 1606,coquimbo
959,403,Garfield Avenue 885,coquimbo
960,479,Woodland Drive 3918,punta arenas
961,692,Cedar Lane 904,arica
962,137,Essex Court 4589,punta arenas
963,90,Route 1 874,arica
964,257,White Street 590,arica
965,497,Av. Vicuña Mackenna 7897,providencia
966,760,Olive Street 3114,la ligua
967,748,Heather Lane 251,santiago
968,996,Heather Lane 2219,arica
969,588,Briarwood Drive 4966,coquimbo
970,22,Summit Avenue 2151,providencia
971,634,Route 30 4475,providencia
972,723,Devon Court 1747,la serena
973,80,Woodland Drive 3788,santiago
974,470,Front Street North 2135,coquimbo
975,552,Forest Street 4752,coquimbo
976,405,John Street 4289,la serena
977,617,Rose Street 3548,santiago
978,551,Summit Avenue 3160,punta arenas
979,1055,Olive Street 3159,arica
980,1024,Woodland Drive 4567,santiago
981,402,Country Club Road 4542,coquimbo
982,889,Clay Street 4849,arica
983,437,Williams Street 652,punta arenas
984,514,Clay Street 250,providencia
985,459,Windsor Drive 1475,la ligua
986,677,Heather Lane 490,buin
987,438,Highland Drive 3737,coquimbo
988,893,Arlington Avenue 3422,santiago
989,531,Fairway Drive 4498,punta arenas
990,1054,Essex Court 565,buin
991,244,Hanover Court 233,santiago
992,975,Linden Avenue 3536,coquimbo
993,627,Heather Lane 744,coquimbo
994,279,Country Club Road 3620,santiago
995,193,Ann Street 1799,coquimbo
996,78,Summit Avenue 1846,arica
997,180,Pleasant Street 373,arica
998,309,Route 1 2262,valparaiso
999,1076,Route 1 3510,arica
1000,377,River Street 4029,buin
1001,1045,Cedar Lane 4827,valparaiso
1002,1071,Devon Court 1277,san joaquin
1003,753,Williams Street 4508,santiago
1004,296,Cottage Street 158,providencia
1005,929,Laurel Lane 3889,punta arenas
1006,9,King Street 4431,santiago
1007,478,Laurel Drive 3477,buin
1008,362,Front Street North 1809,santiago
1009,456,River Street 4882,providencia
1010,1001,Cedar Avenue 2582,san joaquin
1011,815,Forest Street 4107,la serena
1012,274,Orchard Avenue 229,arica
1013,895,Route 1 3324,la serena
1014,714,Court Street 1500,santiago
1015,1070,Front Street North 3479,coquimbo
1016,335,Hanover Court 4895,arica
1017,733,White Street 735,arica
1018,976,Summit Avenue 2386,la serena
1019,1016,Av. Macul 6309,arica
1020,243,Woodland Drive 1189,valparaiso
1021,987,Willow Avenue 1175,la serena
1022,823,Willow Avenue 1859,coquimbo
1023,59,Olive Street 3470,arica
1024,369,Grand Avenue 1748,arica
1025,601,Atlantic Avenue 565,la serena
1026,936,Essex Court 2317,la ligua
1027,626,Crescent Street 1888,arica
1028,111,Briarwood Drive 878,valparaiso
1029,306,Forest Street 2442,santiago
1030,420,River Street 1019,coquimbo
1031,503,Highland Drive 4275,la serena
1032,843,Woodland Drive 2282,la serena
1033,940,Laurel Lane 213,santiago
1034,156,Olive Street 4029,la serena
1035,776,Catedral 3336,la serena
1036,1093,Briarwood Drive 4938,coquimbo
1037,42,Warren Avenue 323,buin
1038,716,Clay Street 3713,arica
1039,69,Carlos Dittborn 733,la serena
1040,1082,River Street 2176,valparaiso
1041,597,Laurel Lane 384,valparaiso
1042,176,Essex Court 2063,providencia
1043,1033,Williams Street 2504,la ligua
1044,444,Hanover Court 4199,valparaiso
1045,492,Crescent Street 4274,coquimbo
1046,50,Summit Avenue 1417,buin
1047,1079,Av. Providencia 1337,providencia
1048,222,Highland Drive 2644,santiago
1049,245,John Street 2175,la ligua
1050,1008,Andover Court 4195,valparaiso
1051,886,Highland Drive 1691,coquimbo
1052,189,Grand Avenue 1590,santiago
1053,1040,Laurel Drive 2803,providencia
1054,1034,King Street 2579,santiago
1055,123,Woodland Drive 3813,la serena
1056,944,Devon Court 1001,arica
1057,332,Franklin Court 4817,arica
1058,1026,Essex Court 3042,punta arenas
1059,620,Country Club Road 1660,coquimbo
1060,919,Garfield Avenue 4106,la ligua
1061,856,River Street 4629,buin
1062,787,Atlantic Avenue 3425,santiago
1063,1083,Woodland Drive 2729,valparaiso
1064,1015,Av. Manuel Antonio Matta 1704,valparaiso
1065,614,Cedar Lane 3337,buin
1066,832,Franklin Court 3534,la serena
1067,232,Cottage Street 4390,valparaiso
1068,463,Briarwood Drive 2832,santiago
1069,654,Pleasant Street 863,arica
1070,989,Orchard Avenue 2596,la ligua
1071,468,Devon Court 3929,valparaiso
1072,632,Linden Avenue 1131,providencia
1073,467,Route 30 2029,punta arenas
1074,282,Pleasant Street 4409,san joaquin
1075,187,Rose Street 405,valparaiso
1076,323,Fairway Drive 1177,coquimbo
1077,385,Essex Court 2721,la ligua
1078,636,Atlantic Avenue 4905,buin
1079,427,Garfield Avenue 3781,san joaquin
1080,917,Pleasant Street 227,san joaquin
1081,900,Charles Street 981,la ligua
1082,922,Williams Street 2537,providencia
1083,225,Willow Avenue 4908,la ligua
1084,66,Cedar Avenue 3816,la ligua
1085,126,Highland Drive 950,santiago
1086,205,Arlington Avenue 4816,punta arenas
1087,612,Briarwood Drive 4395,arica
1088,866,Cottage Street 1127,santiago
1089,1072,King Street 4660,santiago
1090,87,Route 1 3135,san joaquin
1091,367,River Street 2671,coquimbo
1092,725,Andover Court 1601,buin
1093,941,Ann Street 4048,arica
1094,679,Route 30 2754,buin
1095,338,Clay Street 576,la serena
1096,1058,Linden Avenue 3864,san joaquin
1097,573,Cottage Street 866,la serena
1098,538,Country Club Road 730,coquimbo
